2012 Rank Order,1980 Rank Order,Question and Correct Response,Probability of Recall,,,Response Latency,,Proportion of Errors,,Confidence Judgments,,,,Peer Judgments,,Judge Corrs
,,,M,Nrc,Nri,RLc,RLi,Ec,Eo,M,CJc,CJi,Nci,M,N pj,r
1,2,WHAT IS THE NAME OF THE HORSE-LIKE ANIMAL WITH BLACK AND WHITE STRIPES? (ZEBRA),0.933,196,14,6.3,14.7,0.03,0.04,95,96.2,58.2,6,89.4,213,.66*
2,3,WHAT IS THE NAME OF THE LONG SLEEP SOME ANIMALS GO THROUGH DURING THE ENTIRE WINTER? (HIBERNATION),0.89,137,17,9.6,11.8,0.06,0.05,92.5,95.6,49.5,10,83.8,154,.61*
3,16,WHAT IS THE NAME OF THE RUBBER OBJECT THAT IS HIT BACK AND FORTH BY HOCKEY PLAYERS? (PUCK),0.888,198,25,6.7,10.3,0.04,0.08,93.8,96.3,29.9,8,83.1,226,.53*
4,15,WHAT IS THE NAME OF THE REMAINS OF PLANTS AND ANIMALS THAT ARE FOUND IN STONE? (FOSSILS),0.873,137,20,9.1,23.5,0.06,0.07,89,93.3,24.3,9,79,159,.65*
5,13,WHICH PRECIOUS GEM IS RED? (RUBY),0.849,141,25,4.6,11.2,0.08,0.07,8.6,90.8,33.4,14,77.6,166,.64*
6,25,WHAT IS THE NAME OF THE SEVERE HEADACHE THAT RETURNS PERIODICALLY AND OFTEN IS ACCOMPANIED BY NAUSEA? (MIGRAINE),0.847,133,24,10.2,15.2,0.07,0.08,80.5,84,38.7,11,69.8,159,.64*
7,30,WHAT IS THE LAST NAME OF THE AUTHOR WHO WROTE “ROMEO AND JULIET”? (SHAKESPEARE),0.843,172,32,10.8,14.5,0.03,0.13,89.3,90.8,45,6,79.9,210,.61*
8,9,WHAT IS THE NAME OF A DRIED GRAPE? (RAISIN),0.835,116,23,6.8,6.5,0.12,0.05,87.7,91,64.1,16,83.9,140,.52*
9,1,WHAT IS THE NAME OF THE COMIC STRIP CHARACTER WHO EATS SPINACH TO INCREASE HIS STRENGTH? (POPEYE)b,0.824,112,24,8.5,12.7,0.06,0.12,91.5,94.1,56.3,8,73.4,141,.66*
10,93,WHAT ANIMAL RUNS THE FASTEST? (CHEETAH)a,0.816,115,26,5.6,12.8,0.13,0.05,76.2,83.5,32.1,19,71.1,141,.72*
11,33,WHAT IS THE NAME OF THE PROCESS BY WHICH PLANTS MAKE THEIR FOOD? (PHOTOSYNTHESIS),0.8,104,26,11.8,15,0.04,0.16,84.3,87.4,19,5,70.2,134,.40*
12,19,WHAT IS THE NAME OF DOROTHY’S DOG IN “THE WIZARD OF OZ”? (TOTO),0.799,123,31,6.7,16.9,0.08,0.12,89.6,97,13.9,12,80.7,154,.69*
13,7,WHAT IS THE NAME OF THE MOLTEN ROCK THAT RUNS DOWN THE SIDE OF A VOLCANO DURING AN ERUPTION? (LAVA),0.793,119,31,8.6,11.7,0.1,0.11,87.2,90.7,59.7,15,77.1,150,.54*
14,37,WHAT WAS THE NAME OF THE SUPPOSEDLY UNSINKABLE SHIP THAT SUNK ON ITS MAIDEN VOYAGE IN 1912? (TITANIC),0.789,112,30,9.3,12.9,0.05,0.16,83.8,87.5,24.3,7,72.5,144,.81*
15,8,WHICH SPORT USES THE TERMS “GUTTER” AND “ALLEY”? (BOWLING),0.788,164,44,6.6,11.5,0.09,0.12,86.1,93.5,22.1,19,75,210,.80*
16,57,WHAT IS THE NAME OF A GIANT OCEAN WAVE CAUSED BY AN EARTHQUAKE? (TSUNAMI),0.784,120,33,10.5,14.3,0.09,0.12,84.4,89.2,45.7,15,72.7,153,.63*
17,24,WHAT IS THE TERM FOR HITTING A VOLLEYBALL DOWN HARD INTO THE OPPONENT’S COURT? (SPIKE),0.784,163,45,7.2,11.3,0.12,0.1,86.9,91.1,59.4,25,74.9,214,.49*
18,73,WHAT IS THE LAST NAME OF THE VILLAINOUS CAPTAIN IN THE STORY “PETER PAN”? (HOOK)a,0.781,114,32,8.5,16.1,0.03,0.18,89.9,92.6,28,5,77.6,146,.61*
19,5,WHAT WAS THE NAME OF TARZAN’S GIRLFRIEND? (JANE),0.781,121,34,4.3,18.7,0.12,0.1,85.9,96.5,14.8,18,74,156,.71*
20,4,WHAT IS THE LAST NAME OF THE BROTHERS WHO FLEW THE FIRST AIRPLANE AT KITTY HAWK? (WRIGHT)b,0.751,151,50,8.6,11.5,0.05,0.19,81.1,83.5,48.2,11,65.4,204,.72*
21,17,WHAT IS THE NAME FOR A MEDICAL DOCTOR WHO SPECIALIZES IN CUTTING THE BODY? (SURGEON),0.748,101,34,11.5,8.7,0.04,0.21,70.7,74,15,6,59,139,.80*
22,53,WHAT IS THE LAST NAME OF THE FIRST PERSON TO SET FOOT ON THE MOON? (ARMSTRONG),0.741,100,35,11,16.2,0.12,0.14,74.6,77.6,55.8,16,72,135,.77*
23,6,WHAT IS THE CAPITAL OF FRANCE? (PARIS)b,0.73,157,58,5.8,9.3,0.11,0.16,68,71.9,42.6,24,68,219,.78*
24,11,WHAT IS THE NAME OF THE CRIME IN WHICH A BUILDING OR PROPERTY IS PURPOSELY SET ON FIRE? (ARSON)b,0.722,109,42,8.6,18,0.14,0.14,79.1,88.3,31.9,21,68.7,153,.72*
25,79,WHAT IS THE NAME OF THE SHORT PLEATED SKIRT WORN BY MEN IN SCOTLAND? (KILT),0.717,99,39,6.7,13.9,0.08,0.2,87.9,95.9,15.4,11,70.1,138,.75*
26,18,WHAT IS THE NAME OF AN INABILITY TO SLEEP? (INSOMNIA),0.714,150,60,7.6,19,0.18,0.11,81,89.4,47.3,37,68.5,214,.65*
27,26,WHAT IS THE NAME FOR A MEDICAL DOCTOR WHO SPECIALIZES IN DISEASES OF THE SKIN? (DERMATOLOGIST),0.692,146,65,12.3,13.7,0.09,0.22,80.7,86.7,34.5,19,60.9,217,.66*
28,43,WHAT IS THE NAME OF THE LARGEST OCEAN ON EARTH? (PACIFIC),0.685,98,45,8.1,13.4,0.28,0.03,65.4,72.2,48.9,40,70.3,144,.71*
29,22,WHAT IS THE NAME OF THE SHIP THAT CARRIED THE PILGRIMS TO AMERICA IN 1620? (MAYFLOWER)b,0.663,130,66,8.5,17.6,0.16,0.18,77.7,86.6,40.3,31,66.5,202,.80*
30,41,WHAT IS THE NAME FOR A CYCLONE THAT OCCURS OVER LAND? (TORNADO),0.641,82,46,8,10.8,0.18,0.18,79.3,86.9,52.3,23,68.4,128,.82*
31,10,WHICH SPORT IS ASSOCIATED WITH WIMBLEDON? (TENNIS)b,0.619,135,83,5.4,10.4,0.14,0.24,80.2,91.5,29,30,58.7,224,.71*
32,34,WHAT IS THE NAME OF THE BIRD THAT CANNOT FLY AND IS THE LARGEST BIRD ON EARTH? (OSTRICH)b,0.603,132,87,11.7,14.4,0.29,0.11,69.2,79.1,48.5,63,62.8,221,.68*
33,63,WHAT IS THE NAME OF THE ISLAND-CITY BELIEVED SINCE ANTIQUITY TO HAVE SUNK INTO THE OCEAN? (ATLANTIS),0.593,86,59,11.7,16.4,0.06,0.34,78.5,85.1,15.4,9,57.6,147,.85*
34,88,WHAT IS THE NAME OF THE LIZARD THAT CHANGES ITS COLOR TO MATCH THE SURROUNDINGS? (CHAMELEON),0.589,126,88,11.3,13.2,0.34,0.07,70.4,85.1,45,73,68.4,218,.69*
35,35,WHAT IS THE NAME OF THE THICK LAYER OF FAT ON A WHALE? (BLUBBER)b,0.572,79,59,6.2,9,0.17,0.26,73.4,85.5,32,23,56,139,.87*
36,49,WHAT IS THE LAST NAME OF THE BASEBALL PLAYER WHO HAD THE MOST HOME RUNS IN A SINGLE SEASON PRIOR TO 1961? (RUTH)b,0.568,84,64,12.3,16.8,0.1,0.33,48.6,49.6,43.1,15,46.8,151,.44*
37,59,WHAT IS THE NAME OF A YOUNG SHEEP? (LAMB),0.561,83,65,7.8,11.8,0.22,0.22,71.6,87.2,32.5,33,65.6,149,.74*
38,65,WHAT IS THE LARGEST PLANET IN THE SOLAR SYSTEM? (JUPITER),0.559,80,63,8.1,10.9,0.38,0.06,68.4,81,50,55,69.3,144,.75*
39,52,WHAT IS THE NAME OF THE NAVIGATION INSTRUMENT USED AT SEA TO PLOT POSITION RELATIVE TO THE MAGNETIC NORTH POLE? (COMPASS),0.526,103,93,11.7,15.9,0.14,0.34,61.2,68.2,34.4,27,47.5,204,.84*
40,75,WHAT IS THE TERM IN GOLF REFERRING TO A SCORE OF ONE UNDER PAR ON A PARTICULAR HOLE? (BIRDIE),0.523,81,74,12.2,17.6,0.16,0.32,60.2,66.9,38.7,25,49.9,158,.54*
41,77,WHICH GAME USES A RUBBER BALL AND LITTLE METAL PIECES? (JACKS),0.521,75,69,9.8,22.4,0.15,0.33,69.2,84,16.4,21,52.7,145,.70*
42,47,WHAT IS THE NAME OF A DRIED PLUM? (PRUNE)b,0.517,76,71,7.7,10.7,0.27,0.21,65.2,79.3,38.3,40,58.5,147,.61*
43,40,IN WHICH SPORT DOES A RIDER ON HORSEBACK HIT A BALL WITH HIS MALLET? (POLO)b,0.51,106,102,9.8,17.4,0.2,0.29,69.5,85.7,28.7,42,55.7,212,.71*
44,78,WHAT IS THE NAME OF THE LEGENDARY ONE-EYED GIANT IN GREEK MYTHOLOGY? (CYCLOPS),0.507,107,104,9.1,13.1,0.11,0.38,74.6,85,26,23,53.9,215,.71*
45,36,IN WHAT PARK IS “OLD FAITHFUL” LOCATED? (YELLOWSTONE)b,0.491,105,109,9.7,13.5,0.17,0.34,62,76.8,20,37,48,220,.75*
46,51,WHAT IS THE NAME OF THE POKER HAND IN WHICH ALL OF THE CARDS ARE OF THE SAME SUIT? (FLUSH)b,0.486,68,72,14.6,16.1,0.25,0.26,54.6,64.8,34.8,35,53.9,141,.39*
47,90,IN WHICH SPORT IS THE STANLEY CUP AWARDED? (HOCKEY),0.481,103,111,5.8,9.2,0.42,0.1,69.7,87.7,49,89,63.8,216,.72*
48,89,WHAT IS THE NAME OF THE CHAPEL WHOSE CEILING WAS PAINTED BY MICHELANGELO? (SISTINE),0.475,67,74,12.7,17.7,0.16,0.37,73.2,83.6,41.5,22,53.4,142,.67*
49,241,OF WHICH COUNTRY IS BAGHDAD THE CAPITAL? (IRAQ)a,0.468,59,67,9.8,12.6,0.4,0.13,60.3,68.5,51.9,50,63.3,128,.58*
50,76,WHAT IS THE NAME OF THE LIQUID PORTION OF WHOLE BLOOD? (PLASMA),0.468,94,107,10.3,12.7,0.17,0.36,47.4,53.9,29.2,34,38,206,.56*
51,55,WHAT IS THE NAME OF THE CITY IN ITALY THAT IS KNOWN FOR ITS CANALS? (VENICE)b,0.459,67,79,9.3,10.5,0.26,0.28,65.4,82,36.1,38,54.3,148,.72*
52,21,WHAT IS THE NAME OF THE SPEAR LIKE OBJECT THAT IS THROWN DURING A TRACK MEET? (JAVELIN)b,0.452,71,86,10.5,19.4,0.29,0.25,68,85.6,40.8,46,59,158,.39*
53,23,WHAT IS THE LAST NAME OF THE MAN WHO RODE HORSEBACK IN 1775 TO WARN THAT THE BRITISH WERE COMING? (REVERE)b,0.443,66,83,13.3,14.8,0.12,0.44,72.1,85.2,24.1,18,55.1,150,.67*
54,32,WHO WAS THE EGYPTIAN QUEEN WHO JOINED FORCES WITH MARK ANTONY OF ROME? (CLEOPATRA)b,0.443,93,117,11,19.4,0.13,0.43,57.3,70.4,12.3,27,39.1,215,.73*
55,67,WHAT IS THE LAST NAME OF THE MAN WHO ASSASSINATED ABRAHAM LINCOLN? (BOOTH)b,0.438,63,81,10.5,15.8,0.2,0.36,68.8,90,23.5,29,58.9,144,.65*
56,20,WHAT IS THE LAST NAME OF THE MAN WHO SHOWED THAT LIGHTNING IS ELECTRIC? (FRANKLIN)b,0.437,93,120,11.6,11.5,0.34,0.22,64.7,75.5,51,73,57.9,217,.67*
57,28,WHAT IS THE LAST NAME OF THE FAMOUS MAGICIAN AND ESCAPE ARTIST WHO DIED OF APPENDICITIS? (HOUDINI)b,0.436,95,123,12.8,16.9,0.06,0.5,52.5,58.7,10.7,14,37.3,225,.73*
58,83,WHAT IS THE NAME OF DEER MEAT? (VENISON)b,0.432,64,84,10.4,11.5,0.3,0.27,65.8,88.6,32.5,44,54,149,.59*
59,45,WHAT IS THE NAME OF THE LARGE HAIRY SPIDER THAT LIVES NEAR BANANAS? (TARANTULA)b,0.429,63,84,13.8,15.9,0.14,0.43,42.8,48.8,24.7,21,36.5,149,.62*
60,82,WHAT IS THE NAME OF THE OCEAN THAT IS LOCATED BETWEEN AFRICA AND AUSTRALIA? (INDIAN)b,0.427,90,121,12.9,15.8,0.47,0.1,52,67.4,38.1,99,57.6,216,.62*
61,27,WHAT IS THE LAST NAME OF THE SINGER WHO RECORDED “HEARTBREAK HOTEL” AND “ALL SHOOK UP”? (PRESLEY)b,0.424,61,83,11.5,12.4,0.21,0.37,72.5,80.9,55.3,30,52.5,146,.77*
62,81,WHAT IS THE NAME OF THE CRIME IN WHICH A PERSON PURPOSELY BETRAYS HIS COUNTRY? (TREASON)b,0.418,61,85,12,21.6,0.2,0.38,63.9,83.5,22.7,29,56.3,148,.62*
63,109,WHAT IS THE NAME OF THE FIRST ARTIFICIAL SATELLITE PUT IN ORBIT BY RUSSIA IN 1957? (SPUTNIK),0.417,58,81,9.9,19.8,0.08,0.5,68.3,79.2,11.1,11,46,140,.62*
64,127,WHAT BRAND OF CIGARETTE WAS FIRST TO HAVE THE FLIP-TOP BOX? (MARLBORO),0.399,55,83,10.8,10,0.32,0.28,27.8,26.7,29.3,44,31.8,140,.32*
65,29,WHAT KIND OF METAL IS ASSOCIATED WITH A 50TH WEDDING ANNIVERSARY? (GOLD)b,0.396,57,87,8.5,11.4,0.38,0.23,48,62.2,33,54,45.7,144,.73*
66,39,WHICH TYPE OF SNAKE DO ASIAN SNAKE-CHARMERS USE? (COBRA)b,0.391,54,84,9.7,10.3,0.28,0.33,60,74.8,39.5,39,40.9,140,.61*
67,42,WHAT IS THE ONLY LIQUID METAL AT ROOM TEMPERATURE? (MERCURY)b,0.388,83,131,9.5,20.2,0.21,0.41,49.6,66.6,17.6,44,40.9,220,.65*
68,56,WHAT IS THE NAME OF THE DESERT PEOPLE WHO WANDER INSTEAD OF LIVING IN ONE PLACE? (NOMADS)b,0.352,74,136,12.1,21.7,0.29,0.36,47.4,69.1,20.7,60,36.1,216,.72*
69,121,WHAT IS THE CAPITAL OF NEW YORK? (ALBANY),0.331,49,99,12.8,16.6,0.51,0.16,68.2,89,54.6,75,66.1,153,.54*
70,101,WHAT IS THE NAME OF THE ORGAN THAT PRODUCES INSULIN? (PANCREAS)b,0.327,49,101,13.8,21.1,0.46,0.21,54.1,78.1,37,69,49.5,151,.63*
71,140,WHAT IS THE NAME OF THE COLLAR BONE? (CLAVICLE),0.324,70,146,8.6,13.7,0.22,0.46,57.4,78.6,25.7,47,39.6,222,.56*
72,104,WHAT IS THE NAME OF THE EXTINCT REPTILES KNOWN AS “TERRIBLE LIZARDS”? (DINOSAURS)b,0.315,63,137,11.2,15.1,0.18,0.51,32.5,42.8,14,35,28.7,207,.76*
73,54,WHAT IS THE CAPITAL OF RUSSIA? (MOSCOW)b,0.309,64,143,7.6,14.3,0.09,0.6,66.7,79.7,20.4,18,41.7,210,.77*
74,62,WHICH BREED OF CAT HAS BLUE EYES? (SIAMESE)b,0.308,66,148,9.4,8.2,0.24,0.45,48.5,59.1,34.8,51,33.3,217,.68*
75,102,WHAT IS THE LAST NAME OF THE SECOND U.S. PRESIDENT? (ADAMS)b,0.303,63,145,10,12.7,0.41,0.29,46.5,61,35.8,85,54.6,215,.43*
76,152,WHAT IS THE NAME OF THE CONSTELLATION THAT LOOKS LIKE A FLYING HORSE? (PEGASUS),0.3,64,149,9.6,12.5,0.22,0.48,47,64.6,22.7,46,33.7,216,.71*
77,106,WHAT IS THE NAME OF THE KIND OF CAT THAT SPOKE TO ALICE IN THE STORY “ALICE’S ADVENTURES IN WONDERLAND”? (CHESHIRE)b,0.3,63,147,10.4,16.8,0.3,0.4,51.3,84.9,18.3,64,47.3,213,.71*
78,64,WHAT IS THE LAST NAME OF THE MAN WHO PROPOSED THE THEORY OF RELATIVITY? (EINSTEIN)b,0.297,68,161,9.9,11.8,0.21,0.49,53.8,65.3,37.2,47,43.3,232,.81*
79,58,WHAT WAS THE LAST NAME OF THE WOMAN WHO SUPPOSEDLY DESIGNED AND SEWED THE FIRST AMERICAN FLAG? (ROSS)b,0.286,62,155,8,14,0.24,0.48,60.9,87.6,28.5,51,43,225,.68*
80,124,WHAT IS THE LAST NAME OF THE FIRST SIGNER OF THE “DECLARATION OF INDEPENDENCE”? (HANCOCK),0.285,65,163,11.7,12.2,0.44,0.27,49.5,64.1,40.1,101,49,233,.68*
81,187,WHAT WAS THE NAME OF KING ARTHUR’S SWORD? (EXCALIBUR),0.285,41,103,10,9.3,0.12,0.6,71.1,92.1,20.4,17,42.8,145,.86*
82,61,WHAT IS THE WORD THAT MEANS A NAUTICAL MILE PER HOUR? (KNOT)b,0.277,39,102,11.8,17.8,0.27,0.45,51.6,69,33.7,38,39.5,142,.75*
83,70,WHAT IS THE NAME FOR THE ASTRONOMICAL BODIES THAT ENTER THE EARTH’S ATMOSPHERE? (METEORS)b,0.271,54,145,14.8,16.4,0.43,0.3,46.6,48.7,45.3,86,45.7,205,.58*
84,87,WHAT IS THE LONGEST RIVER IN SOUTH AMERICA? (AMAZON)b,0.267,40,110,9.8,9.3,0.29,0.44,57.9,79.9,38,44,45.3,152,.75*
85,86,WHAT IS THE NAME OF THE AUTOMOBILE INSTRUMENT THAT MEASURES MILEAGE? (ODOMETER)b,0.258,54,155,13.2,16.2,0.39,0.35,51.1,77.6,33.5,81,55.5,213,.59*
86,145,WHAT ITALIAN CITY WAS DESTROYED WHEN MOUNT VESUVIUS ERUPTED IN 79 A.D.? (POMPEII),0.258,41,118,9.9,12.9,0.26,0.48,53.9,87,20.8,41,37,159,.70*
87,115,WHAT IS THE LAST NAME OF BATMAN’S SECRET IDENTITY IN THE BATMAN COMICS? (WAYNE)b,0.252,35,104,11,19,0.18,0.57,68,93.9,31.7,25,54.5,141,.78*
88,66,WHAT IS THE LAST NAME OF THE MYTHICAL GIANT LUMBERJACK? (BUNYAN)b,0.245,51,157,14.1,13.1,0.23,0.53,58.2,88.9,24.8,47,40.6,212,.72*
89,199,WHAT IS THE NAME OF THE COMPANY THAT PRODUCES “BABY RUTH” CANDY BARS? (NESTLE),0.245,34,105,10.7,10.2,0.39,0.37,42.8,45.1,41.3,54,44,140,.59*
90,103,WHAT IS THE NAME OF SOCRATES’ MOST FAMOUS STUDENT? (PLATO)b,0.239,34,108,14.7,12,0.35,0.42,46.3,55.2,40,49,38.9,142,.57*
91,111,WHAT IS THE NAME OF THE THREE-LEAF CLOVER THAT IS THE EMBLEM OF IRELAND? (SHAMROCK)b,0.239,33,105,10.9,16.1,0.25,0.51,55.9,84.4,28.1,34,47.4,139,.82*
92,110,OF WHICH COUNTRY IS BUENOS AIRES THE CAPITAL? (ARGENTINA)b,0.204,44,172,10.1,12.6,0.5,0.29,43.4,70.3,32.6,109,40.4,219,.66*
93,60,WHAT IS THE LAST NAME OF THE ACTRESS WHO RECEIVED THE BEST ACTRESS AWARD FOR THE MOVIE “MARY POPPINS”? (ANDREWS)b,0.203,43,169,11.5,14.3,0.14,0.66,58.9,87.3,18.2,30,39.3,218,.73*
94,126,WHAT IS THE NAME OF THE MOUNTAIN RANGE IN WHICH MOUNT EVEREST IS LOCATED? (HIMALAYAS)b,0.198,41,166,13.8,14.3,0.34,0.46,42.6,64.4,30,71,43.4,213,.68*
95,80,WHAT IS THE UNIT OF SOUND INTENSITY? (DECIBEL)b,0.19,40,171,8.8,14.2,0.51,0.3,46.1,73.1,36.1,108,41,218,.70*
96,207,WHAT IS THE NAME OF THE PROJECT WHICH DEVELOPED THE ATOMIC BOMB DURING WORLD WAR II? (MANHATTAN),0.188,27,117,11.5,16.9,0.14,0.67,57.5,86.8,18,20,42.3,144,.71*
97,99,WHAT IS THE UNIT OF ELECTRICAL POWER THAT REFERS TO A CURRENT OF ONE AMPERE AT ONE VOLT? (WATT)b,0.187,26,113,12.6,15.6,0.32,0.49,41.6,59.7,31.1,45,37,140,.61*
98,132,WHAT IS THE LAST NAME OF THE AUTHOR OF THE BOOK “1984”? (ORWELL)b,0.185,37,163,12.9,13,0.15,0.67,66,90.5,34.7,29,34.5,204,.65*
99,69,IN WHICH GAME ARE MEN CROWNED? (CHECKERS)b,0.176,25,117,12.9,17.6,0.32,0.5,39.6,64,26.4,46,33.9,143,.71*
100,97,WHAT IS THE LAST NAME OF THE MAN WHO ASSASSINATED PRESIDENT JOHN F. KENNEDY? (OSWALD)b,0.172,25,120,14.8,19.1,0.26,0.57,55,83.9,35.4,37,52.7,147,.47*
101,137,WHAT IS THE NAME OF BATMAN’S BUTLER? (ALFRED)b,0.163,23,118,11.4,13.4,0.31,0.52,51.8,93,30.2,44,50.6,142,.74*
102,117,WHICH COUNTRY WAS THE FIRST TO USE GUNPOWDER? (CHINA)b,0.16,23,121,8.8,11.2,0.53,0.31,38.9,73.5,28.5,77,38.6,144,.69*
103,14,WHAT IS THE NAME OF AN AIRPLANE WITHOUT AN ENGINE? (GLIDER)b,0.157,30,161,11.8,13.7,0.29,0.55,33.9,55.8,22.2,56,29.1,196,.58*
104,178,WHAT IS THE NAME OF THE NORTH STAR? (POLARIS),0.156,32,173,6.5,10.6,0.21,0.63,44.5,81.8,16.6,43,38.1,214,.71*
105,159,WHAT IS THE ONLY WORD THAT THE RAVEN SAYS IN EDGAR ALLEN POE’S POEM “THE RAVEN”? (NEVERMORE),0.155,24,131,11.2,17.2,0.37,0.48,38.8,91.3,16.7,57,35.6,156,.66*
106,46,FOR WHICH COUNTRY IS THE YEN THE MONETARY UNIT? (JAPAN)b,0.152,33,184,7.1,9.1,0.62,0.23,54,75.5,48.7,134,45,222,.70*
107,139,IN WHAT EUROPEAN CITY IS THE PARTHENON LOCATED? (ATHENS)b,0.15,25,142,8.4,13,0.4,0.45,51.2,76.8,41.7,67,40.3,169,.68*
108,113,WHAT IS THE NAME OF THE FURRY ANIMAL THAT ATTACKS COBRA SNAKES? (MONGOOSE)b,0.149,20,114,8,16.4,0.36,0.49,46.4,89.7,28.3,48,33.3,136,.61*
109,166,FOR WHICH COUNTRY IS THE RUPEE THE MONETARY UNIT? (INDIA),0.147,31,180,8.6,13.3,0.27,0.58,35.7,71.1,16.8,58,24.5,216,.75*
110,154,WHAT IS THE LAST NAME OF THE MAN WHO FIRST STUDIED GENETIC INHERITANCE IN PLANTS? (MENDEL),0.144,30,179,9.9,11.2,0.21,0.65,49.5,85.2,24.6,43,29.2,217,.63*
111,107,WHAT IS THE LAST NAME OF THE MAN WHO WROTE THE “STAR SPANGLED BANNER”? (KEY)b,0.141,20,122,8.9,14.8,0.22,0.64,46.2,85,21.1,31,42.9,141,.77*
112,112,WHAT IS THE NAME OF THE PALACE IN LONDON IN WHICH THE MONARCH OF ENGLAND RESIDES? (BUCKINGHAM)b,0.141,29,177,16,19.4,0.2,0.66,46,72.9,26.9,41,32.9,211,.62*
113,125,IN WHICH GAME ARE THE STANDARD PIECES OF STAUNTON DESIGN? (CHESS)b,0.138,21,131,14.2,16.1,0.14,0.72,20,30.5,10,22,21.4,154,.53*
114,206,WHAT ARE PEOPLE WHO MAKE MAPS CALLED? (CARTOGRAPHERS),0.138,29,181,9.3,12.4,0.41,0.45,34.1,73.2,20.8,86,32,216,.61*
115,94,WHAT WAS THE NAME OF THE ZEPPELIN THAT EXPLODED IN LAKEHURST N.J. IN 1937? (HINDENBURG)b,0.134,29,188,20.2,12.5,0.13,0.74,40.6,68.8,11.3,28,24,223,.64*
116,167,WHAT IS THE PALACE BUILT IN FRANCE BY KING LOUIS XIV? (VERSAILLES),0.128,17,116,10.1,13.1,0.16,0.71,40.7,71.1,16.2,21,29.4,134,.38*
117,114,IN WHICH CITY IS THE U.S. NAVAL ACADEMY LOCATED? (ANNAPOLIS)b,0.127,27,185,11.3,20.4,0.37,0.5,39,75.6,26.4,79,37.8,216,.61*
118,72,WHAT IS THE NAME OF THE LIGHTEST WOOD KNOWN? (BALSA)b,0.125,26,182,9,11.9,0.45,0.43,32.8,48.3,28.5,93,28.5,216,.66*
119,31,WHAT IS THE LAST NAME OF THE BOXER WHO LATER BECAME KNOWN AS MUHAMMAD ALI? (CLAY)b,0.117,17,128,10.6,13.1,0.25,0.63,45.1,94.9,21.6,36,46.1,146,.69*
120,119,WHAT ISLAND IS THE LARGEST IN THE WORLD EXCLUDING AUSTRALIA? (GREENLAND)b,0.111,16,128,15.4,18.7,0.6,0.28,34.3,51.3,31.1,87,41,144,.55*
121,71,WHAT IS THE NAME OF THE SMALL JAPANESE STOVE USED FOR OUTDOOR COOKING? (HIBACHI)b,0.11,16,129,11.9,10.3,0.32,0.57,38.2,60.3,30.5,46,31.8,146,.65*
122,105,WHAT IS THE LAST NAME OF THE WOMAN WHO BEGAN THE PROFESSION OF NURSING? (NIGHTINGALE)b,0.108,16,132,13.4,10.6,0.14,0.75,41.9,66.9,22.8,21,26.9,148,.66*
123,175,WHO WAS THE LEADER OF THE ARGONAUTS? (JASON),0.107,15,125,5,11.6,0.07,0.82,52.2,81.6,8.2,10,23.5,141,.69*
124,214,WHAT IS THE LAST NAME OF THE ARTIST WHO PAINTED “GUERNICA”? (PICASSO),0.107,21,176,11.5,11.7,0.16,0.73,30.8,56.6,13.8,32,20.8,203,.74*
125,177,IN WHAT ANCIENT CITY WERE THE “HANGING GARDENS” LOCATED? (BABYLON),0.103,14,122,16.8,13.8,0.38,0.51,36,67.9,27.4,52,30,136,.60*
126,200,WHAT ARE PEOPLE CALLED WHO EXPLORE CAVES? (SPELUNKERS),0.1,21,188,14.7,12.6,0.44,0.45,27.7,61.2,20.1,93,30.8,214,.53*
127,168,WHAT IS THE NAME OF THE CAPTAIN OF THE PEQUOD IN THE BOOK “MOBY DICK”? (AHAB),0.097,20,187,11.7,12,0.19,0.71,41.3,90.9,16.6,40,33.4,212,.59*
128,258,WHAT IS THE CAPITAL OF KENTUCKY? (FRANKFORT),0.095,19,182,18.6,14.2,0.34,0.57,48.8,78.4,40.6,68,44.3,205,.56*
129,85,WHAT IS THE NAME OF AN ILLEGAL MOVE BY A BASEBALL PITCHER THAT RESULTS IN ALL RUNNERS ADVANCING ONE BASE? (BALK)b,0.093,14,136,10,22.1,0.45,0.45,53.9,95.7,45.3,68,51.7,152,.51*
130,129,WHAT IS THE LAST NAME OF THE AMERICAN WHO STARRED IN THE 1936 OLYMPICS? (OWENS)b,0.093,14,136,12.1,11.6,0.17,0.74,31.2,58.6,15.8,25,22.9,149,.59*
131,174,THE DEEPEST PART OF THE OCEAN IS LOCATED AT WHICH TRENCH? (MARIANA),0.093,19,185,11.2,13.2,0.29,0.61,29.4,70.1,16.6,60,26.4,208,.62*
132,169,WHICH SPORT USES THE TERMS “STONES” AND “BROOMS”? (CURLING),0.092,13,128,19.3,14.7,0.48,0.43,37.3,74.6,30,67,36.8,142,.61*
133,182,WHAT IS THE PROPER NAME FOR A BADMINTON BIRD? (SHUTTLECOCK),0.091,20,200,9.8,10,0.49,0.42,49.6,88.5,42.4,108,37.1,225,.72*
134,128,WHAT IS THE LAST NAME OF THE AUTHOR WHO WROTE “OLIVER TWIST”? (DICKENS)b,0.09,20,203,9.2,14,20,0.71,43.2,87.5,23,44,35.1,229,.64*
135,196,WHAT IS THE CAPITAL OF DELAWARE? (DOVER),0.09,19,193,9.9,19.4,0.15,0.76,39.8,74.6,19.2,32,36.8,216,.60*
136,120,WHAT IS THE LAST NAME OF THE MAN WHO INVENTED THE PHONOGRAPH? (EDISON)b,0.086,17,180,15.8,9.5,0.24,0.68,43.8,63.2,36.8,47,29.8,200,.76*
137,48,IN WHICH TYPE OF SKI RACE DOES THE DOWNHILL SKIER MAKE SHARP TURNS AROUND POLES? (SLALOM)b,0.086,19,202,14.3,19,0.29,0.62,30.4,68.3,19.3,65,33.6,226,.55*
138,153,IN WHICH CITY IS HEATHROW AIRPORT LOCATED? (LONDON)b,0.083,12,133,8.1,14.6,0.26,0.66,31.4,90.8,12.6,38,24.2,145,.50*
139,235,WHAT IS THE CAPITAL OF JAMAICA? (KINGSTON),0.081,12,137,10.5,13.3,0.18,0.74,34.1,77.5,14.7,27,30.5,150,.49*
140,44,WHICH PLANET WAS THE LAST TO BE DISCOVERED? (NEPTUNE)b,0.08,17,195,18.4,7.5,0.77,0.15,51.9,47.6,52.3,164,50.5,217,.76*
141,185,WHAT IS THE LAST NAME OF THE AUTHOR WHO WROTE “THE MURDERS IN THE RUE MORGUE”? (POE),0.08,11,127,8.5,13.6,0.11,0.81,28.3,55.5,8.5,15,22.7,141,.82*
142,205,WHAT IS THE NAME OF THE SHIP ON WHICH CHARLES DARWIN MADE HIS SCIENTIFIC VOYAGE? (BEAGLE),0.079,11,129,10.2,15.3,0.16,0.76,38.3,98.1,8.5,22,28.1,142,.54*
143,213,WHAT IS THE CAPITAL OF CHILE? (SANTIAGO),0.077,11,131,15.3,11.6,0.19,0.73,35.2,70,21,27,33.8,143,.41*
144,100,WHAT IS THE LAST NAME OF THE AUTHOR WHO WROTE “THE OLD MAN AND THE SEA”? (HEMINGWAY)b,0.077,16,193,8.9,12.6,0.11,0.81,39.3,75.4,14.1,23,22.5,213,.73*
145,147,WHAT IS THE LAST NAME OF THE MAN WHO WROTE “CANTERBURY TALES”? (CHAUCER)b,0.076,11,134,10.1,15.5,0.23,0.69,37,93.2,18.8,34,33.6,148,.60*
146,262,WHAT IS THE NAME OF THE FOUNTAIN IN ROME INTO WHICH COINS ARE THROWN FOR GOOD LUCK? (TREVI),0.071,14,183,24.7,12.2,0.32,0.6,28.9,86.6,16.3,64,34.1,205,.52*
147,162,WHAT WAS THE LAST NAME OF THE MAN WHO WAS PRESIDENT DIRECTLY AFTER JAMES MADISON? (MONROE)b,0.068,15,205,11.7,14.7,0.4,0.53,29.3,64.3,23.3,88,35.3,221,.53*
148,143,WHAT IS THE LAST NAME OF THE ASTRONOMER WHO PUBLISHED IN 1543 HIS THEORY THAT THE EARTH REVOLVES AROUND THE SUN? (COPERNICUS)b,0.067,9,126,15,16.8,0.5,0.44,50.5,63.3,48.8,67,40.2,139,.69*
149,242,WHAT IS THE LAST NAME OF THE CRIMINAL WHO WAS KNOWN AS “SCARFACE”? (CAPONE),0.066,14,199,9.9,14.3,0.38,0.56,57.7,60.6,57.3,80,50.1,220,.78*
150,12,WHAT IS THE NAME OF THE LONE RANGER’S INDIAN SIDEKICK? (TONTO)b,0.061,13,200,7.5,11.6,0.17,0.77,25.3,71.8,8.9,37,22.3,219,.52*
151,170,WHAT IS THE CAPITAL OF DENMARK? (COPENHAGEN)b,0.06,13,204,23.4,14.4,0.18,0.76,29,52.1,21.3,39,27.2,221,.51*
152,96,WHAT WAS THE LAST NAME OF THE MAN WHO WAS THE RADIO BROADCASTER FOR THE “WAR OF THE WORLDS”? (WELLES)b,0.059,12,190,9.5,20.7,0.13,0.81,32.9,79.9,11.3,26,24.7,209,.44*
153,203,IN WHICH CITY IS MICHELANGELO’S STATUE OF DAVID LOCATED? (FLORENCE),0.058,8,129,14.5,10,0.64,0.3,39.3,60,37.4,88,43,138,.65*
154,146,WHAT WAS FRANK LLOYD WRIGHT’S PROFESSION? (ARCHITECT)b,0.058,12,196,7.8,11.1,0.45,0.49,33.7,91.7,26.3,94,25.9,214,.65*
155,135,OF WHICH COUNTRY IS NAIROBI THE CAPITAL? (KENYA)b,0.053,7,126,6.6,14.6,0.34,0.61,27.9,79.1,19.9,45,26.3,134,.53*
156,134,WHAT IS THE NAME OF THE HILLBILLY FAMILY THAT HAD A FAMOUS FEUD WITH THE MCCOY FAMILY? (HATFIELD)b,0.052,11,199,12.7,16,0.22,0.73,30.8,81.8,18.6,46,27.7,215,.69*
157,156,WHAT KIND OF POISON DID SOCRATES TAKE AS HIS EXECUTION? (HEMLOCK)b,0.052,11,200,7.5,13.8,0.27,0.67,26.7,87.8,15.1,58,23.3,216,.63*
158,74,WHAT IS THE LAST NAME OF THE FIRST PERSON TO COMPLETE A SOLO FLIGHT ACROSS THE ATLANTIC OCEAN? (LINDBERGH)b,0.052,11,201,15.6,14.7,0.38,0.57,43.1,81.8,37.8,80,36.1,219,.66*
159,38,ANDY GRIFFITH WAS THE SHERIFF OF WHAT TOWN ON TELEVISION’S “ANDY GRIFFITH SHOW”? (MAYBERRY)b,0.052,11,202,9.7,13.6,0.15,0.8,34.3,94.5,12.9,31,28.3,220,.64*
160,142,WHAT IS THE NAME OF THE ROMAN EMPEROR WHO FIDDLED WHILE ROME BURNED? (NERO)b,0.052,11,202,10.6,14.8,0.25,0.7,33.8,72.3,25.8,53,23.4,220,.69*
161,231,WHAT IS THE CITY IN WHICH THE BASEBALL HALL OF FAME IS LOCATED? (COOPERSTOWN),0.051,7,130,9.8,17.2,0.41,0.54,29.7,67.9,25,56,43.7,137,.51*
162,98,WHAT IS THE NAME OF THE UNIT OF MEASURE THAT REFERS TO A SIX-FOOT DEPTH OF WATER? (FATHOM)b,0.051,11,206,19.2,17,0.32,0.63,34.9,70.9,29.3,70,29.8,221,.49*
163,108,WHAT IS THE LAST NAME OF THE SCIENTIST WHO DISCOVERED RADIUM? (CURIE)b,0.046,9,186,8.9,11.4,0.19,0.76,19.5,65,8.7,38,19.9,201,.74*
164,149,WHAT IS THE LAST NAME OF THE AUTHOR WHO WROTE “BRAVE NEW WORLD”? (HUXLEY)b,0.045,7,149,10.9,14.2,0.19,0.77,32.9,98.6,17.1,29,32.3,157,.67*
165,164,IN ADDITION TO THE KENTUCKY DERBY AND THE BELMONT STAKES WHAT HORSE RACE COMPRISES THE TRIPLE CROWN? (PREAKNESS)b,0.044,10,218,21,21.9,0.16,0.8,33.4,96.5,15.9,36,26.2,233,.66*
166,204,WHAT IS THE LAST NAME OF THE CRIMINAL WHO WAS KILLED BY FBI AGENTS OUTSIDE OF A CHICAGO MOVIE THEATER? (DILLINGER),0.044,9,197,17.4,20.6,0.2,0.76,31.8,81.1,20.9,41,22.4,211,.68*
167,95,WHAT IS THE NAME OF THE SINGER WHO POPULARIZED A DANCE KNOWN AS THE “TWIST”? (CHECKER)b,0.041,6,139,21.4,12.8,0.3,0.66,31.4,63.5,27,44,32.5,146,.49*
168,221,OVER WHICH RIVER IS THE GEORGE WASHINGTON BRIDGE? (HUDSON),0.041,6,141,32.2,14.1,0.37,0.59,32.5,73.3,27.9,54,33.9,148,.39*
169,189,WHAT IS THE LAST NAME OF THE MAN WHO INVENTED DYNAMITE? (NOBEL)b,0.04,6,143,7.4,11.3,0.26,0.7,24.6,95,13.8,39,25.8,149,.54*
170,228,WHAT IS THE NAME OF THE CHINESE RELIGION FOUNDED BY LAO TSE? (TAOISM),0.04,8,192,13,13,0.42,0.54,37.9,56.3,36.1,84,28.6,207,.74*
171,84,WHAT IS THE LAST NAME OF THE COMMANDER WHO LOST THE BATTLE OF THE LITTLE BIGHORN RIVER? (CUSTER)b,0.038,8,201,11,12.5,0.2,0.77,31.9,76.3,23.2,41,26.5,212,.66*
172,155,WHAT IS THE NAME OF THE NAVIGATION INSTRUMENT USED AT SEA TO PLOT POSITION BY THE STARS? (SEXTANT)b,0.038,5,127,14.9,19.4,0.54,0.42,32.3,62.2,30.2,71,36.8,134,.58*
173,161,WHO WAS THE MOST FAMOUS GREEK DOCTOR? (HIPPOCRATES)b,0.037,5,131,16.2,15.3,0.18,0.79,27.1,83,15.5,24,23.3,139,.68*
174,165,IN WHICH CITY DOES THE COTTON BOWL TAKE PLACE? (DALLAS)b,0.037,5,131,10.7,14.3,0.36,0.6,23.8,16,24.6,49,33.7,138,.56*
175,192,WHAT IS THE LAST NAME OF THE AUTHOR WHO WROTE THE SHERLOCK HOLMES STORIES? (DOYLE),0.036,8,212,17,13.4,0.18,0.79,30.1,90.6,17.6,39,34,226,.59*
176,225,FOR WHICH COUNTRY IS THE DRACHMA THE MONETARY UNIT? (GREECE),0.036,5,135,19.6,15.4,0.31,0.66,24.7,88,17.3,43,20.9,141,0.27
177,148,WHAT IS THE NAME OF THE MANSION IN VIRGINIA THAT WAS THOMAS JEFFERSON’S HOME? (MONTICELLO)b,0.035,7,191,11.9,16.9,0.15,0.81,29.5,89.3,15.5,30,26.7,205,.51*
178,236,WHAT IS THE LONGEST RIVER IN ASIA? (YANGTZE),0.035,7,191,17.3,10,0.37,0.59,33.4,32.1,33.5,74,32.2,202,.71*
179,183,WHAT IS THE LAST NAME OF THE ACTOR WHO RECEIVED THE BEST ACTOR AWARD FOR THE MOVIE “ON THE WATERFRONT”? (BRANDO)b,0.034,5,143,11.3,7.3,0.08,0.89,31.7,100,3.3,12,24.7,151,-0.06
180,91,WHAT IS THE LAST NAME OF THE MALE STAR OF THE MOVIE “CASABLANCA”? (BOGART)b,0.034,5,144,9.6,18.1,0.27,0.7,26.8,86,19.4,40,33.4,149,.55*
181,150,OF WHICH COUNTRY IS BUDAPEST THE CAPITAL? (HUNGARY)b,0.033,7,205,9.9,11.9,0.43,0.54,28.9,70.9,25.7,91,26,215,.64*
182,191,WHO IS KNOWN AS “THE FATHER OF GEOMETRY”? (EUCLID)b,0.033,5,148,20.7,13.2,0.31,0.66,25.5,70,20.7,47,30.4,153,.41*
183,193,WHAT IS THE LAST NAME OF THE HUSBAND-WIFE SPIES WHO WERE ELECTROCUTED IN 1951 FOR PASSING ATOMIC SECRETS TO RUSSIA? (ROSENBERG),0.031,4,126,29,14.9,0.17,0.8,21.7,56.3,15.5,22,20.6,132,.42*
184,261,WHAT IS THE LAST NAME OF THE COMPOSER WHO WROTE THE OPERA “DON GIOVANNI”? (MOZART),0.03,4,128,10.1,12.1,0.21,0.76,18.3,13.8,18.9,28,18.5,132,.60*
185,190,WHAT IS THE LAST NAME OF THE AUTHOR OF THE JAMES BOND NOVELS? (FLEMING)b,0.03,7,225,11.4,9.6,0.16,0.81,19,80.7,7.6,38,29.1,234,.45*
186,122,WHAT WAS THE LAST NAME OF BUFFALO BILL? (CODY)b,0.03,6,196,14.2,10.2,0.27,0.7,29,79.8,23.5,55,26,207,.62*
187,136,WHAT IS THE LAST NAME OF THE AUTHOR WHO WROTE UNDER THE PSEUDONYM OF MARK TWAIN? (CLEMENS)b,0.029,6,201,15.2,11.8,0.16,0.81,21.6,61,14.6,34,24.1,214,.68*
188,233,WHAT IS THE NAME OF THE ISLAND ON WHICH NAPOLEON WAS BORN? (CORSICA),0.029,4,136,38.3,13.5,0.28,0.69,25,72.5,20.1,39,27.4,141,.40*
189,157,WHAT IS THE LAST NAME OF THE DOCTOR WHO FIRST DEVELOPED A VACCINE AGAINST POLIO? (SALK)b,0.028,4,137,16.1,19.8,0.16,0.82,26.2,80,16.4,22,29.3,143,.68*
190,181,WHAT IS THE LAST NAME OF THE MAN WHO BEGAN THE REFORMATION IN GERMANY? (LUTHER)b,0.028,4,138,18.7,9.9,0.53,0.44,54.1,75,53,75,42.1,142,.64*
191,211,WHAT IS THE CAPITAL OF FINLAND? (HELSINKI),0.026,4,149,14,10.4,0.17,0.8,19.2,67.3,11.8,26,28.4,154,.53*
192,188,WHAT WAS THE NAME OF THE APOLLO LUNAR MODULE THAT LANDED THE FIRST MAN ON THE MOON? (EAGLE)b,0.025,5,193,30.9,16.9,0.37,0.61,28.9,38.4,28.2,73,39,241,.67*
193,264,WHAT IS THE LAST NAME OF THE COSMONAUT WHO WAS THE FIRST PERSON TO ORBIT AROUND THE EARTH? (GAGARIN),0.024,5,207,10.9,14.6,0.28,0.69,31,70,27.8,60,26.2,217,.46*
194,243,WHAT WAS THE NAME OF ROY ROGER’S DOG? (BULLET),0.021,3,138,8.6,8.1,0.23,0.74,7.1,3.3,7.5,33,21.9,141,.48*
195,171,WHAT WAS THE NAME OF ALEXANDER GRAHAM BELL’S ASSISTANT? (WATSON)b,0.021,3,139,12.5,13.7,0.13,0.85,22.6,26.7,21.9,19,23.1,146,.50*
196,176,WHAT WAS THE LAST NAME OF THE COMPOSER OF THE “MAPLE LEAF RAG”? (JOPLIN)b,0.02,4,196,9.8,9.5,0.15,0.83,14.3,75,6.2,30,16.7,207,.75*
197,216,WHAT IS THE LAST NAME OF THE PLAYWRIGHT WHO WROTE “A STREETCAR NAMED DESIRE”? (WILLIAMS),0.02,4,197,26.9,13.1,0.13,0.85,18.4,87.5,8.1,27,20.1,205,.77*
198,158,WHAT IS THE LAST NAME OF THE AUTHOR OF “LITTLE WOMEN”? (ALCOTT)b,0.02,4,198,6.4,11.4,0.17,0.81,20,72.5,13.9,34,25.3,205,.76*
199,209,WHAT IS THE LAST NAME OF THE FIRST PERSON TO CLIMB MOUNT EVEREST? (HILLARY),0.02,3,149,8.4,9.9,0.13,0.85,22.8,96.7,11.8,20,25.5,155,.62*
200,68,WHAT IS THE LAST NAME OF THE ACTOR WHO PLAYED RHETT BUTLER IN “GONE WITH THE WIND”? (GABLE)b,0.02,4,199,22.7,16,0.14,0.84,17,68.8,9.6,28,23.9,208,0.32
201,254,IN WHICH COUNTRY IS ANGEL FALLS LOCATED? (VENEZUELA),0.02,4,199,17.2,12.7,0.39,0.59,27.4,76.3,25,80,24.7,206,.66*
202,218,WHAT IS THE CAPITAL OF CANADA? (OTTAWA),0.019,4,207,18.1,11.8,0.73,0.25,41.5,65,40.9,154,44.8,215,.61*
203,286,WHAT IS THE LAST NAME OF THE TWENTY-FIRST U.S. PRESIDENT? (ARTHUR),0.019,4,208,26.4,16.8,0.49,0.49,23.4,93.8,20.7,104,32,218,.53*
204,274,WHAT WAS THE NAME OF THE GOLDFISH IN THE STORY OF PINOCCHIO? (CLEO),0.019,4,212,16,10.9,0.24,0.74,15.8,90,10,52,30.1,221,.45*
205,282,WHAT IS THE NAME OF THE VILLAINOUS PEOPLE WHO LIVED UNDERGROUND IN H. G. WELLS’S BOOK “THE TIME MACHINE”? (MORLOCKS),0.018,4,219,19.5,16.4,0.17,0.81,13.5,75,7.1,38,19.6,228,.52*
206,224,WHAT WAS THE LAST NAME OF THE CHARACTER PORTRAYED BY ROBERT STACK ON THE TELEVISION SHOW “THE UNTOUCHABLES”? (NESS),0.015,3,195,11.4,14.9,0.12,0.86,10.8,63.3,4.2,24,24,203,.57*
207,284,WHAT IS THE CAPITAL OF AUSTRALIA? (CANBERRA),0.015,3,196,15.5,7.7,0.63,0.35,70.3,100,69.6,126,52.2,204,.62*
208,259,WHAT IS THE LAST NAME OF THE ARTIST WHO PAINTED “THE PERSISTENCE OF MEMORY”? (DALI),0.015,2,134,16,13.7,0.21,0.77,14.3,57.5,11.3,29,19.3,140,.48*
209,144,WHAT IS THE LAST NAME OF THE MAN WHO INVENTED THE TELEGRAPH? (MORSE)b,0.014,3,210,9.1,12,0.41,0.58,41.8,83.3,40.3,87,35.8,218,.79*
210,160,WHAT IS THE NAME OF THE RIVER ON WHICH BONN IS LOCATED? (RHINE)b,0.014,3,210,17.5,12.1,0.16,0.83,12.9,43.3,10.2,34,17.5,219,.69*
211,247,WHAT IS THE NAME OF THE SUBSTANCE DERIVED FROM A WHALE THAT IS USED TO MAKE PERFUME? (AMBERGRIS),0.014,2,141,41.6,12.9,0.45,0.54,33.8,55,33.1,64,28.8,143,.73*
212,133,"WHAT IS THE NAME OF THE SUBMARINE IN JULES VERNE’S “20,000 LEAGUES BENEATH THE SEA”? (NAUTILUS)b",0.014,2,143,8.4,11,0.12,0.86,15.7,100,6.3,18,23.8,146,.76*
213,223,WHAT WAS THE NAME OF THE CLOWN ON THE “HOWDY DOODY” TELEVISION SHOW? (CLARABELL),0.014,2,143,24.2,10,0.18,0.81,18.5,45,16.5,26,25.3,147,.89*
214,226,WHAT IS THE LAST NAME OF DAGWOOD’S BOSS IN THE COMIC STRIP “BLONDIE”? (DITHERS),0.01,2,190,9.3,10.9,0.1,0.89,15.4,92.5,7.7,20,20.2,198,0.29
215,184,WHAT IS THE LAST NAME OF THE MOVIE ACTOR WHO PORTRAYED SPARTACUS? (DOUGLAS)b,0.01,2,192,7.6,12,0.27,0.72,31.5,45,31,52,31.3,202,.67*
216,230,WHAT IS THE LAST NAME OF THE WOMAN WHO FOUNDED THE AMERICAN RED CROSS? (BARTON),0.01,2,198,14.1,15.6,0.27,0.73,18,87.5,15.4,53,26.4,206,.55*
217,292,WHAT IS THE LAST NAME OF THE UNION GENERAL WHO DEFEATED THE CONFEDERATE ARMY AT THE CIVIL WAR BATTLE OF GETTYSBURG? (MEADE),0.01,2,201,16.6,14.7,0.44,0.55,35.8,60,35.3,89,35.5,209,.55*
218,198,WHAT IS THE NAME OF THE AVENUE THAT IMMEDIATELY FOLLOWS ATLANTIC AVENUE IN THE GAME OF MONOPOLY? (VENTNOR)b,0.01,2,202,31.8,16.4,0.38,0.61,23.1,75,21.7,78,32,213,.63*
219,92,WHICH GAME USES A DOUBLING CUBE? (BACKGAMMON)b,0.01,2,208,26.7,15.7,0.26,0.73,23.6,25,23.5,55,27.6,213,.72*
220,296,WHAT IS THE LAST NAME OF THE MAN WHO SUPPOSEDLY KILLED JESSE JAMES? (FORD),0.009,2,215,9.4,16.6,0.19,0.8,13.2,47.5,11.5,42,25.2,222,.53*
221,245,WHAT IS THE LAST NAME OF THE EUROPEAN AUTHOR WHO WROTE “THE TRIAL”? (KAFKA),0.008,1,127,70.8,11.4,0.13,0.87,2.8,0,3,16,19.9,129,0.27
222,255,THE GENERAL NAMED HANNIBAL WAS FROM WHAT CITY? (CARTHAGE),0.007,1,137,11.5,14.9,0.28,0.71,13.4,40,12.7,39,24.7,143,.43*
223,237,WHAT IS THE LAST NAME OF THE BRITISH ADMIRAL WHO WON THE BATTLE OF TRAFALGAR? (NELSON),0.007,1,138,6.9,13.4,0.12,0.88,8.6,100,2.9,16,18.4,141,-0.12
224,265,WHAT IS THE NAME OF THE INDIAN COLLEGE IN PENNSYLVANIA FOR WHICH JIM THORPE PLAYED FOOTBALL? (CARLISLE),0.007,1,145,66.7,20,0.17,0.82,11.8,100,8.3,25,24.3,147,0.08
225,273,WHAT IS THE NAME OF THE PLAY IN WHICH ELWOOD P. DOWD IS A CHARACTER? (HARVEY),0.007,1,145,6.8,21.8,0.12,0.88,16.8,100,11.9,17,20.2,147,.55*
226,251,WHAT FAMOUS KNOT DID ALEXANDER THE GREAT UNDO? (GORDIAN),0.007,1,148,4.5,12.6,0.17,0.82,8,100,4.5,26,24,151,0.15
227,131,WHAT WAS THE NAME OF THE UNSUCCESSFUL AUTO THAT WAS MANUFACTURED BY THE FORD MOTOR COMPANY FROM 1957–1959? (EDSEL)b,0.007,1,149,5.2,17.9,0.15,0.85,20.3,100,16.7,22,26.7,152,.67*
228,293,WHAT IS THE LAST NAME OF THE SONG WRITER WHO WROTE THE SONG “I LOVE PARIS”? (PORTER),0.007,1,149,35.9,10.9,0.1,0.89,10.9,50,8.3,15,20,153,.68*
229,297,WHAT IS THE LAST NAME OF THE FIRST AMERICAN AUTHOR TO WIN THE NOBEL PRIZE FOR LITERATURE? (LEWIS),0.007,1,150,26.3,15.4,0.24,0.75,19.6,20,19.6,36,26.5,151,.85*
230,219,WHAT IS THE LAST NAME OF THE INVENTOR OF THE WIRELESS RADIO? (MARCONI),0.007,1,152,5.8,14.1,0.24,0.75,25.3,40,24.9,37,26,154,0.22
231,267,WHAT IS THE LAST NAME OF THE ARTIST WHO PAINTED “AMERICAN GOTHIC”? (WOOD),0.007,1,152,18.8,14,0.19,0.8,18.5,100,15.7,29,24.6,153,.45*
232,195,IN WHAT PROFESSION WAS EMMETT KELLY? (CLOWN)b,0.006,1,153,3.9,9.8,0.31,0.68,15.6,100,13.8,48,22.8,157,0.15
233,249,WHAT IS THE NAME OF THE RIVER THAT RUNS THROUGH ROME? (TIBER),0.006,1,154,3.5,18.1,0.23,0.76,22.8,100,20.6,36,32,157,.51*
234,285,WHAT IS THE LAST NAME OF THE POET WHO ORIGINALLY WROTE “DON JUAN”? (BYRON),0.006,1,162,15.3,13.6,0.17,0.83,17,75,14.9,27,21.7,166,.44*
235,210,WHAT IS THE LAST NAME OF THE FRENCH AUTHOR WHO WROTE “THE STRANGER”? (CAMUS),0.005,1,188,7.4,10.8,0.12,0.88,8.8,100,4.6,22,17.8,198,.87*
236,250,WHO WAS THE FIRST RULER OF THE HOLY ROMAN EMPIRE? (CHARLEMAGNE),0.005,1,197,15,12.8,0.47,0.53,30.9,50,30.7,93,28.9,205,.59*
237,276,WHAT IS THE LAST NAME OF THE MAN WHO IS REGARDED AS THE NATIONAL POET OF SCOTLAND? (BURNS),0.005,1,198,6,12.8,0.15,0.84,9.6,70,7.6,30,14.3,202,0.23
238,202,WHAT IS THE LAST NAME OF THE FOOTBALL PLAYER KNOWN AS “THE GALLOPING GHOST”? (GRANGE),0.005,1,199,6.6,12.7,0.2,0.8,6.4,100,4.1,40,27.9,205,-0.08
239,118,WHAT IS THE NAME OF ROY ROGERS’ HORSE? (TRIGGER)b,0.005,1,202,3.9,9.4,0.24,0.76,17.4,100,15.7,48,19,208,.30*
240,288,WHAT WAS THE NAME OF THE NUCLEAR SUBMARINE THAT SUNK IN THE ATLANTIC IN 1963? (THRESHER),0.005,1,204,42.6,16.7,0.15,0.84,11.8,90,9.3,31,22.1,211,.46*
241,248,WHAT IS THE NAME OF THE MAN WHO REMOVED THE THORN FROM THE LION’S PAW IN THE STORY FROM AESOP’S FABLES? (ANDROCLES),0.005,1,205,23.8,12.3,0.19,0.8,14.3,20,14.2,40,22.7,210,.72*
242,232,WHAT IS THE NAME OF THE BRIGHTEST STAR IN THE SKY EXCLUDING THE SUN? (SIRIUS),0.005,1,207,9.8,12.7,0.71,0.29,46.4,50,46.4,147,44.7,216,.69*
243,290,WHAT IS THE NAME OF THE LAND OF THE GIANTS IN “GULLIVER’S TRAVELS”? (BROBDINGNAG),0.005,1,207,21.9,13.3,0.13,0.86,10.7,80,8.2,28,25.9,211,.39*
244,220,WHAT WAS THE LAST NAME OF THE FEMALE STAR OF THE MOVIE “CASABLANCA”? (BERGMAN),0.005,1,209,7.4,10.9,0.19,0.8,13.3,99,11.1,40,24.3,212,.44*
245,238,WHAT IS THE LAST NAME OF THE ACTOR KNOWN AS “THE MAN OF A THOUSAND FACES”? (CHANEY),0.005,1,210,8.3,15.9,0.27,0.73,18,95,16.6,56,26.3,218,.71*
246,194,WHAT IS THE NAME OF THE BASEBALL PLAYER WITH THE HIGHEST LIFETIME BATTING AVERAGE IN THE MAJOR LEAGUES? (COBB)b,0.005,1,212,7.8,14.1,0.68,0.32,35.7,100,35.2,144,43.3,218,.52*
247,116,WHAT WAS THE LAST NAME OF THE ACTOR IN THE ROLE OF PERRY MASON ON TELEVISION? (BURR)b,0.005,1,213,12,10.2,0.12,0.87,13.6,100,10.2,26,20.6,219,.49*
248,212,WHAT IS THE LAST NAME OF THE MOST POPULAR PIN-UP GIRL OF WORLD WAR II? (GRABLE),0.004,1,225,15.5,14,0.42,0.58,39.9,100,39.2,94,30.5,233,.72*
249,50,WHAT IS THE NAME OF THE LARGEST DESERT ON EARTH? (ANTARTICA)b,0,,203,,8.7,0.78,0.22,59.4,,59.4,159,54.5,208,.77*
250,123,WHAT IS THE LAST NAME OF THE JOCKEY WITH THE MOST LIFETIME WINNERS IN HORSE RACING? (BAZE)b,0,,148,,13,0.15,0.85,5.5,,5.5,22,20.9,148,0.25
251,130,WHAT IS THE LAST NAME OF THE MAN WHO WAS THE VOICE OF MR. MAGOO? (BACKUS)b,0,,220,,11.2,0.17,0.83,15.4,,15.4,37,22.6,226,.46*
252,138,WHAT IS THE LAST NAME OF THE ACTOR WHO PORTRAYED SERGEANT FRIDAY ON “DRAGNET”? (WEBB)b,0,,211,,10.4,0.13,0.87,2.3,,2.3,28,17.4,214,.44*
253,141,WHAT WAS THE LAST NAME OF THE ACTOR WHO PORTRAYED THE FATHER ON THE TELEVISION SHOW “FATHER KNOWS BEST”? (YOUNG)b,0,,150,,13.8,0.09,0.91,19.7,,19.7,14,27.7,153,.59*
254,151,WHAT WAS THE LAST NAME OF THE VENTRILOQUIST WHO PROVIDED THE VOICE FOR CHARLIE MCCARTHY? (BERGEN)b,0,,148,,12.6,0.14,0.86,7.5,,7.5,21,16.6,148,.70*
255,163,WHAT WAS THE LAST NAME OF THE CAPTAIN OF THE BRITISH SHIP “BOUNTY” WHEN THE MUTINY OCCURRED? (BLIGH)b,0,,134,,18.3,0.13,0.87,7.9,,7.9,17,17.5,137,0.2
256,172,WHAT IS THE LAST NAME OF THE INVENTOR OF THE STEAMBOAT “CLERMONT”? (FULTON)b,0,,219,,9.7,0.23,0.77,10.5,,10.5,50,19.1,223,.49*
257,173,WHAT IS THE NAME OF GERMANY’S LARGEST BATTLESHIP THAT WAS SUNK IN WORLD WAR II? (BISMARCK)b,0,,148,,14.5,0.15,0.85,23.3,,23.3,22,28.8,148,.59*
258,179,WHAT IS THE LAST NAME OF THE JUDGE WHO WAS KNOWN AS “THE LAW WEST OF THE PECOS”? (BEAN)b,0,,156,,9.1,0.08,0.92,2.1,,2.1,13,18.4,157,.77*
259,180,WHAT IS JOHN KENNETH GALBRAITH’S PROFESSION? (ECONOMIST)b,0,,219,,10.6,0.26,0.74,8.4,,8.4,58,18.7,224,.35*
260,186,WHAT WAS THE NAME OF THE UNION IRONCLAD SHIP THAT FOUGHT THE CONFEDERATE IRONCLAD MERRIMACK? (MONITOR)b,0,,207,,17.6,0.14,0.86,3.2,,3.2,28,16.6,212,.38*
261,197,WHAT IS THE LAST NAME OF THE DOCTOR WHO PERFORMED THE FIRST SUCCESSFUL HUMAN HEART TRANSPLANT? (BARNARD)b,0,,151,,11,0.13,0.87,11,,11,19,19.4,154,.79*
262,208,WHAT IS THE LAST NAME OF THE MAN WHO SAID “I ONLY REGRET THAT I HAVE BUT ONE LIFE TO LOSE FOR MY COUNTRY”? (HALE),0,,206,,18.3,0.27,0.73,17.9,,17.9,56,28.3,212,.49*
263,215,WHAT IS THE LAST NAME OF THE PILOT OF THE U-2 SPY PLANE SHOT DOWN OVER RUSSIA IN 1960? (POWERS),0,,144,,12.7,0.13,0.88,10.6,,10.6,18,24.6,147,.54*
264,217,WHAT IS THE LAST NAME OF THE ACTOR WHO PORTRAYED THE SHERIFF IN THE MOVIE “HIGH NOON”? (COOPER),0,,145,,10.9,0.19,0.81,16.7,,16.7,27,22.5,146,.51*
265,222,WHAT IS THE NAME OF THE MOUNTAIN RANGE THAT SEPARATES ASIA FROM EUROPE? (URAL),0,,212,,14,0.5,0.5,33.8,,33.8,107,35.1,217,.65*
266,227,WHAT IS THE LAST NAME OF THE BOXER WHO WAS KNOWN AS THE “MANASSA MAULER”? (DEMPSEY),0,,140,,10.5,0.24,0.76,14.6,,14.6,33,25,144,.62*
267,229,WHAT IS THE LAST NAME OF THE MAN WHO CREATED THE COMIC STRIP “LI’L ABNER”? (CAPP),0,,146,,13.5,0.14,0.86,3.9,,3.9,20,19.6,150,0.21
268,234,WHAT IS THE LAST NAME OF THE BASEBALL PLAYER WHO PITCHED A PERFECT GAME IN THE 1956 WORLD SERIES? (LARSEN),0,,217,,10.3,0.36,0.64,22,,22,79,34,223,.56*
269,239,WHAT IS THE LAST NAME OF THE FIRST MAN TO RUN THE MILE IN UNDER FOUR MINUTES? (BANNISTER),0,,158,,13.5,0.25,0.75,23.2,,23.2,40,22.6,161,.59*
270,240,WHAT IS THE LAST NAME OF THE AUTHOR WHO WROTE “BROTHERS KARAMAZOV”? (DOSTOYEVSKI),0,,200,,10.9,0.14,0.87,7.5,,7.5,27,15,208,.78*
271,244,WHAT IS THE NAME OF THE AUTHOR WHO RECEIVED A PULITZER PRIZE FOR HIS WRITINGS ABOUT ABRAHAM LINCOLN? (SANDBURG),0,,205,,10.9,0.1,0.9,6.3,,6.3,20,19.4,210,0.41
272,246,WHAT IS THE LAST NAME OF THE MAN WHO CREATED THE COMIC STRIP “WOODY WOODPECKER”? (LANTZ),0,,219,,9.9,0.21,0.79,16.1,,16.1,45,21.7,225,.69*
273,252,WHAT IS THE NAME OF THE INSTRUMENT USED TO MEASURE WIND SPEED? (ANEMOMETER),0,,207,,13.7,0.41,0.59,27.8,,27.8,85,31.6,213,.57*
274,253,WHAT IS THE LAST NAME OF THE AUTHOR OF “OUR TOWN”? (WILDER),0,,142,,11.1,0.14,0.86,11,,11,20,23.2,147,.62*
275,256,WHAT IS THE LAST NAME OF THE SINGER WHO MADE A HIT RECORDING OF THE SONG “WHO’S SORRY NOW”? (FRANCIS),0,,207,,12.6,0.15,0.85,5.3,,5.3,32,22.8,214,0.33
276,257,WHAT IS THE LAST NAME OF THE CUBAN LEADER THAT CASTRO OVERTHREW? (BATISTA),0,,141,,17.5,0.12,0.88,20.4,,20.4,16,32.2,144,0.33
277,260,WHAT IS THE NAME OF THE RUBBER ROLLER ON A TYPEWRITER? (PLATEN),0,,200,,13.4,0.23,0.77,7.8,,7.8,46,19.5,205,.41*
278,263,WHAT WAS THE NAME OF THE LARGEST CONFEDERATE MILITARY PRISON DURING THE CIVIL WAR? (ANDERSONVILLE),0,,139,,18.3,0.14,0.86,24.8,,24.8,19,29.6,138,.50*
279,266,WHAT IS THE LAST NAME OF THE AUTHOR OF “THE AGONY AND THE ECSTASY”? (STONE),0,,204,,10.5,0.1,0.9,6.8,,6.8,21,17.4,213,0.44
280,268,WHAT IS THE LAST NAME OF FLASH’S GIRLFRIEND IN THE COMIC STRIP “FLASH GORDON”? (ARDEN),0,,214,,11,0.2,0.8,5.6,,5.6,42,19.9,217,0.04
281,269,WHAT IS THE NAME OF THE FIRST MOVIE TO RECEIVE THE ACADEMY AWARD FOR BEST PICTURE? (WINGS),0,,127,,17.8,0.24,0.76,23.8,,23.8,30,19.6,130,.59*
282,270,WHAT IS THE LAST NAME OF THE DISCOVERER OF THE VACCINATION FOR SMALLPOX? (JENNER),0,,204,,12.8,0.19,0.81,12,,12,39,23,208,.84*
283,271,WHAT IS THE LAST NAME OF THE BOY IN THE BOOK “TREASURE ISLAND”? (HAWKINS),0,,144,,10.4,0.2,0.8,20,,20,29,32,146,.48*
284,272,WHAT IS THE LAST NAME OF THE BOXER WHO WON THE BOXING TITLE FROM JOHN L. SULLIVAN? (CORBETT),0,,211,,10.6,0.42,0.58,24.7,,24.7,88,28,215,.43*
285,275,WHAT IS THE LAST NAME OF THE MAN WHO WROTE THE SONG “HOW DEEP IS THE OCEAN”? (BERLIN),0,,145,,8.6,0.12,0.88,2.9,,2.9,17,20.9,148,0.27
286,277,WHAT WAS THE LAST NAME OF BILLY THE KID? (BONNEY),0,,138,,11.5,0.25,0.75,17.1,,17.1,35,25.4,142,0.23
287,278,WHAT IS THE LAST NAME OF THE SINGER WHOSE THEME SONG WAS “WHEN THE BLUE OF THE NIGHT MEETS THE GOLD OF THE DAY”? (CROSBY),0,,214,,11.7,0.13,0.87,8.3,,8.3,28,17.9,219,0.27
288,279,FROM WHAT MUSICAL IS THE SONG “BAUBLES BANGLES AND BEADS”? (KISMET),0,,147,,12,0.16,0.84,15.3,,15.3,24,21.3,148,.55*
289,280,WHAT WAS THE LAST NAME OF THE ACTOR WHO PORTRAYED DR. WATSON IN THE SHERLOCK HOLMES SERIES? (BRUCE),0,,204,,14.2,0.25,0.75,36.6,,36.6,50,32.1,211,.76*
290,281,WHAT IS THE LAST NAME OF THE MAN WHO WAS MOST RESPONSIBLE FOR PHOTOGRAPHING THE U.S. CIVIL WAR? (BRADY),0,,142,,14.9,0.13,0.87,12.4,,12.4,18,19.5,145,0.39
291,283,WHAT IS THE NAME OF A NUMBER TWO WOOD IN GOLF? (BRASSIE),0,,149,,15,0.5,0.5,26.8,,26.8,74,37,151,.38*
292,287,WHAT IS THE LAST NAME OF THE POET WHO WROTE THE LINE “INTO EACH LIFE A LITTLE RAIN MUST FALL”? (LONGFELLOW),0,,130,,13,0.19,0.81,11,,11,25,20.6,131,.49*
293,289,WHAT WAS THE NAME OF GENE AUTRY’S HORSE? (CHAMPION),0,,154,,11.7,0.19,0.81,9.2,,9.2,29,14.7,159,.58*
294,291,WHAT IS THE NAME OF THE TOWN THROUGH WHICH LADY GODIVA SUPPOSEDLY MADE HER FAMOUS RIDE? (COVENTRY),0,,138,,16.5,0.21,0.79,11.7,,11.7,29,22,140,.62*
295,294,WHAT IS THE LAST NAME OF THE FIRST WOMAN TO SWIM ACROSS THE ENGLISH CHANNEL? (EDERLE),0,,203,,9.2,0.15,0.85,2.2,,2.2,30,19.2,209,0.14
296,295,WHAT IS THE LAST NAME OF THE FIRST FLIER TO FLY SOLO AROUND THE WORLD? (POST),0,,145,,19.5,0.41,0.59,37.9,,37.9,60,39,145,.62*
297,298,WHAT IS THE LAST NAME OF THE MAN WHO WROTE THE POEM “IT COULDN’T BE DONE”? (GUEST),0,,223,,10.1,0.19,0.81,6.9,,6.9,43,15.7,228,.55*
298,299,WHO WAS THE RACEHORSE OF THE YEAR FOR MANY SUCCESSIVE YEARS IN THE 1960S? (KELSO),0,,146,,16,0.49,0.51,32.1,,32.1,72,29.8,149,.64*
299,300,WHAT IS THE HIGHEST MOUNTAIN IN SOUTH AMERICA? (ACONCAGUA),0,,202,,12.8,0.33,0.67,32.5,,32.5,66,29.8,210,.68*